compression,batchSize,linger,n_topics,fetch_time,Throughput,Latency
snappy,68868,83,20,20806,18.62916666666667,0.9722965194109751
None,28102,41,5,11905,21.563636363636363,0.7535667396061253
None,111285,16,15,26280,20.602739726027394,1.0124072547403122
snappy,215378,30,20,7032,19.703157894736844,0.9133227695487436
None,129174,91,19,22141,21.262365591397852,0.9881723325479616
gzip,68624,51,10,3223,16.69473684210526,0.8209602076124568
None,185254,50,17,14665,22.00238095238095,0.9499357562408228
snappy,247501,39,3,28234,18.055555555555557,0.6966623255813952
gzip,196441,33,18,4550,19.492134831460678,0.9157325787053389
None,217278,11,5,27089,19.21764705882353,0.8598382038488936
snappy,207568,62,5,18540,14.675862068965516,0.7378247496423458
gzip,54683,47,11,17964,18.346428571428568,0.8481890672016066
gzip,77914,90,17,11463,18.275609756097566,0.9390955772113962
None,135871,1,5,18070,18.80606060606061,0.871790948275862
gzip,4843,92,1,15631,12.91,0.689773262032086
gzip,39666,100,1,11516,10.341176470588236,0.6825015873015859
None,253817,73,16,17728,21.217721518987343,0.8995510679611646
snappy,137258,64,2,25914,16.0875,0.671700497512439
snappy,259363,4,14,22837,19.274285714285714,0.9054435040203134
None,50144,91,19,20238,20.719565217391306,1.004583043780403
None,110828,32,8,3920,20.951111111111118,0.8863519619500595
gzip,222472,43,10,6560,16.97222222222222,0.8214689737470178
snappy,23175,88,8,18768,17.586363636363636,0.7770942956926657
gzip,73494,87,1,9772,12.559999999999999,0.6687301587301585
gzip,208746,24,15,29654,27.73157894736842,0.9502775935575565
None,179751,22,1,21400,17.630000000000003,0.6590582010582021
snappy,38587,2,8,27589,19.072727272727274,0.7365241176470583
None,229082,49,4,8600,20.75862068965517,0.7386200631911524
snappy,49778,35,10,19896,25.896551724137932,0.8512669441141484
gzip,120301,100,8,13283,17.368181818181817,0.7892132309509738
gzip,233354,32,7,14474,18.276190476190475,0.7758684863523589
snappy,202095,78,13,10853,16.144827586206898,0.8365818341377801
gzip,213966,71,10,22678,23.419354838709676,0.8194240282685514
gzip,118284,10,1,23591,13.309999999999997,0.6370370762711858
None,132880,7,19,23735,19.72421052631579,0.9830911592707243
None,56415,81,6,21518,19.705263157894734,0.7741790744466787
snappy,61683,10,18,6827,26.756521739130434,0.9742648494711138
gzip,5161,25,18,29177,26.900000000000002,1.012860251046025
gzip,222601,78,15,24308,18.597368421052636,0.8813729476153253
None,256632,77,15,16840,20.97721518987342,0.9072109117539355
None,234362,55,12,20484,30.313513513513517,0.8468113580246925
snappy,127486,4,17,2654,19.858139534883726,0.9643107769423547
snappy,77223,61,10,5525,24.55625,0.8535954323001631
None,123827,53,6,9666,21.60526315789474,0.7595765340525957
None,104112,8,19,11999,27.42916666666667,1.0960391999999954
gzip,226283,10,6,18052,18.147368421052633,0.7810443285528026
gzip,248311,79,20,2573,18.717171717171716,0.9291866322247309
None,142429,61,18,15966,22.37752808988764,0.9132666434297679
gzip,181239,18,3,21214,15.069230769230769,0.668049956933678
snappy,128424,43,2,294,14.017391304347823,0.6558674928503337
None,204533,74,19,22475,21.113043478260867,0.9738647260274005
snappy,8359,87,19,20578,19.127659574468083,0.9432221506761113
None,91408,33,1,18718,18.700000000000003,0.6752857142857149
gzip,86085,77,14,11570,18.19718309859155,0.8765148005147995
snappy,257823,16,1,11145,14.059999999999999,0.6376945917285268
None,224813,40,15,6618,30.805263157894736,0.9201087804878059
snappy,246933,27,6,28821,22.765217391304343,0.7838807749627416
snappy,87618,3,5,13343,21.904761904761905,0.711535031847134
None,208436,52,4,20742,21.32,0.7267843601895738
None,256377,13,12,1096,20.19,0.8933566299664916
snappy,82765,40,15,19458,26.372972972972974,0.9075955917585051
gzip,210206,26,12,8069,19.576666666666664,0.7950510879848626
snappy,141281,87,17,10408,18.546341463414635,0.9401660348749057
None,130048,31,19,29520,20.94945054945055,0.9769122434536458
gzip,63022,57,8,18619,17.736363636363635,0.7580960518562174
None,235696,19,16,12858,20.72820512820513,1.0110745735819133
gzip,79265,61,19,4836,18.828888888888887,0.9383198465294724
None,208843,65,19,2927,21.556043956043958,0.9819404929577459
None,90424,44,10,19078,22.053846153846152,0.8425771065182835
gzip,61400,17,13,54,19.678124999999998,0.8295365410803456
snappy,244789,6,2,19974,15.08695652173913,0.6346219512195114
snappy,154322,27,17,22815,19.18292682926829,0.9422916192643171
gzip,113940,84,20,9081,18.347368421052632,0.9456319207108659
snappy,73387,23,18,18670,19.265116279069765,0.9675069904341438
snappy,229322,11,17,7903,19.567901234567902,0.9279403097846612
snappy,139505,18,5,6763,22.066666666666666,0.7188383280757087
None,183706,77,1,11597,18.079999999999995,0.67148783068783
snappy,197628,99,7,20471,21.224999999999998,0.7815257223396764
snappy,204362,34,1,18800,13.830000000000004,0.6459154334038054
gzip,259067,16,3,13525,12.542857142857141,0.6621888175985333
gzip,149017,73,17,5928,18.65432098765432,0.9225313807531401
None,5858,22,6,27535,19.483333333333334,0.8066372881355933
gzip,106302,4,2,27843,14.408695652173913,0.6393535545023686
snappy,98128,22,12,27605,19.57,0.8545658840440806
None,177576,78,1,14478,17.66,0.6714962962962978
gzip,53462,95,10,6619,17.826923076923073,0.8132321052631576
gzip,89898,20,15,22101,19.427777777777777,0.9386503963287447
snappy,109445,22,20,6933,19.404210526315794,0.9303972508591066
None,71815,33,8,29150,21.186363636363634,0.7971476868327406
gzip,202445,97,11,24746,23.89032258064516,0.8647307911212291
snappy,124278,20,19,3392,28.645454545454548,1.0046466666666671
None,136352,9,5,12886,18.606060606060602,0.7319242970439798
snappy,49489,67,3,10068,17.644444444444446,0.6926554545454556
snappy,77857,43,10,28545,18.992307692307694,0.8266485774499477
snappy,39501,43,7,10219,18.1609756097561,0.7435232704402525
None,195538,67,9,23449,21.483333333333334,0.8188748590755353
None,94265,97,20,24867,20.88958333333333,0.9641397704253897
gzip,10810,68,14,21357,18.379411764705885,0.8624903474903468
snappy,248605,83,10,6139,18.073076923076925,0.8300546874999987
None,98556,30,18,3431,20.731034482758623,0.9595778432094221
None,114683,74,5,26192,20.30909090909091,0.7606755587599143
gzip,66889,100,7,28351,21.58333333333334,0.7753384508025133
gzip,185560,2,14,10652,19.444117647058825,0.9872631578947382
snappy,17994,17,9,15621,19.440816326530612,0.7809825908858162
snappy,191530,2,12,11830,26.761111111111113,0.9090714985308529
snappy,75067,41,13,14683,18.44590163934426,0.8286958783513393
snappy,155587,44,3,9080,15.885714285714286,0.7018536184210532
None,213383,79,2,19451,18.791666666666668,0.6959581005586584
snappy,241741,77,11,11727,18.713333333333335,0.8340026809651477
gzip,261800,85,10,19032,22.641176470588235,0.8178678532901825
None,17820,80,12,23178,21.333333333333325,0.8231399052948782
gzip,213504,80,18,16046,19.038709677419355,0.8915704783021852
None,83364,18,12,22049,19.22727272727273,0.8704738916256158
gzip,95384,58,16,15715,27.268181818181816,0.9128272000000001
gzip,233107,30,17,1791,20.397701149425288,0.9335044598612487
gzip,24977,38,18,27160,27.191836734693876,0.9266573971078975
None,218441,83,1,22716,19.785714285714285,0.6866956989247305
gzip,190144,75,2,10857,13.382608695652175,0.6805474654377874
None,60505,71,18,13441,21.976086956521737,0.9070274059910786
gzip,169487,54,18,19856,19.55652173913043,0.8930740147388663
gzip,243666,0,9,25620,18.503846153846155,0.8036945156330081
snappy,138372,18,1,2992,14.12,0.6421448058761812
None,182419,13,6,27684,19.31578947368421,0.8751134930643132
None,118972,96,13,727,21.776811594202897,0.8542981963927849
snappy,72927,4,19,7765,19.991666666666667,0.9216487927249921
snappy,184303,100,13,16798,18.74084507042253,0.8526748589846909
snappy,79358,57,2,22459,14.304347826086957,0.6690186219739297
snappy,83147,3,17,24135,20.535632183908046,0.9119197860962562
snappy,46921,91,3,902,14.177777777777775,0.7210853858784894
gzip,56519,40,8,16053,18.548936170212766,0.7607272240085742
gzip,241295,86,6,17511,17.14871794871795,0.7604531250000014
snappy,135359,55,8,24955,18.452173913043474,0.7638972417522988
None,148194,93,5,8823,20.30285714285714,0.7779347527472531
gzip,165612,70,13,4782,18.6463768115942,0.8275472077139411
snappy,256152,39,3,4579,13.118181818181819,0.698513227513227
snappy,72264,66,16,26785,17.81666666666667,0.879021800281294
gzip,191186,55,10,8077,24.075,0.8102904967602581
None,15636,22,4,4261,22.78,0.863067206477733
None,115378,79,19,5678,21.064646464646465,0.9155600609756093
gzip,92871,4,13,15555,20.14202898550724,0.8534821500200536
snappy,257878,69,19,14018,19.4,0.9288232430787939
None,188224,54,7,11995,28.414814814814818,0.7648424790187224
snappy,246524,71,17,17202,18.988636363636367,0.9020767178118734
None,100406,60,5,15593,22.28,0.7690589031821261
snappy,101015,100,11,1549,18.53559322033898,0.8564708520179369
snappy,77683,35,2,21263,16.0,0.6594873294346971
gzip,158880,88,16,9663,18.11272727272727,0.9219723689557094
None,152631,28,8,17885,18.536585365853657,0.9388793290043292
gzip,256107,5,17,21135,20.149425287356326,0.9313798109385527
None,115004,87,10,845,21.64,0.8660806069227116
None,92627,47,10,29285,27.73529411764706,0.8478733624454157
None,43191,2,4,13302,17.819354838709682,0.8675926199261977
gzip,214892,17,1,499,13.290000000000001,0.6423538135593219
snappy,194294,80,18,27490,19.19782608695653,0.9242015355086391
snappy,150876,1,2,16729,14.895652173913039,0.6658331762488223
None,55797,48,20,15415,23.019417475728154,0.8809529550132315
None,92515,23,7,7620,25.176923076923078,0.9269053791315626
snappy,81714,78,18,10291,19.369565217391308,0.896567818298143
snappy,238248,73,2,9340,13.858333333333333,0.6725573159366273
gzip,80060,86,1,77,12.36,0.6740971786833861
None,72271,54,13,11087,22.591304347826085,0.8349466882067859
gzip,94273,2,19,2985,27.023529411764706,0.9782264631043273
gzip,101879,79,18,19248,19.23695652173914,0.9009996819338422
snappy,166559,72,12,6148,18.749999999999996,0.8183544086021506
snappy,196912,54,17,4243,17.51794871794872,0.891906648757555
snappy,186878,91,19,9015,26.040816326530614,1.015727901054928
gzip,40451,25,16,3454,20.214634146341453,0.9046221600838887
None,168195,79,11,13191,21.66,0.8487173321234105
gzip,116085,86,8,23230,22.792857142857144,0.786941492537314
snappy,218320,34,13,7576,19.985507246376812,0.8218415521422785
None,167190,88,3,9355,23.34444444444445,0.7281519434628968
gzip,150124,11,7,12087,23.555555555555557,0.7894770295783499
gzip,41292,23,5,14728,15.445161290322583,0.7172362525458255
gzip,250785,71,3,27891,17.044444444444444,0.7149718309859161
snappy,186722,14,17,6373,20.57931034482759,0.9294973439575004
gzip,184865,23,9,25719,18.36888888888889,0.7599229219143568
snappy,220317,41,13,6789,19.423188405797102,0.8285991171749586
gzip,205161,16,18,3666,20.100000000000005,0.8966615087040606
None,13674,80,10,21326,21.914285714285715,0.8321466289486096
gzip,149985,75,13,15213,24.751351351351342,0.8506178521617855
None,97365,37,1,29290,19.28,0.7008717139852791
snappy,68355,10,14,6234,19.96666666666667,0.8941628175519634
gzip,192364,79,2,11820,13.708333333333334,0.6738176691729326
gzip,28057,9,1,18864,14.27142857142857,0.6410236051502147
gzip,16867,49,19,5672,27.456000000000003,0.9441451957295403
None,126574,86,11,2705,21.940000000000005,0.855594975760247
snappy,253163,40,16,21230,27.40909090909091,0.937067420266454
snappy,83215,33,17,1480,20.24827586206896,0.8951746927930904
None,152307,50,8,12284,23.136170212765954,0.7993216594827586
None,69125,6,9,8487,20.094117647058823,0.9755992853496676
snappy,87632,90,11,4044,18.7864406779661,0.8465210762331856
snappy,150226,23,15,5756,27.800000000000008,0.910208842105263
snappy,222629,0,16,29188,18.706849315068492,0.9145450450450442
gzip,133047,27,20,2889,20.06138613861386,0.8929948810599239
None,174616,48,18,19290,22.55652173913043,0.9172720870678647
snappy,92098,33,11,28139,26.752941176470593,0.8661411105450844
snappy,165311,91,12,14675,19.096874999999997,0.8276421276595751
gzip,200437,37,7,23128,18.114285714285714,0.7455430579964855
gzip,154098,68,9,28906,18.14117647058823,0.7674772158237372
snappy,133994,6,10,28673,19.894545454545455,0.7975594339622634
None,132479,21,13,22950,20.297142857142855,0.8553036649214653
snappy,37174,16,11,2627,19.87796610169492,0.8573288590604023
None,130452,29,10,1786,20.829090909090908,0.9273903133903142
snappy,51935,56,3,7716,15.496296296296295,0.6932014802631588
gzip,57794,74,20,1241,27.050000000000004,0.9444370701513053
None,103952,32,12,4646,28.329729729729724,0.8436585603112866
gzip,180596,66,12,14426,25.494444444444444,0.8231983430799223
snappy,245797,7,2,24718,14.565217391304348,0.6532182835820894
gzip,176375,0,20,10575,20.19607843137255,0.9101011940298498
snappy,39574,8,10,6525,19.243636363636366,0.805302269435054
snappy,250729,64,4,466,16.61935483870968,0.7374773906597482
gzip,204733,19,8,16395,19.063829787234045,0.8062819148936174
snappy,157652,34,1,24693,13.719999999999999,0.654371458551941
snappy,25644,83,1,11925,13.242857142857144,0.6717652733118967
gzip,162352,15,13,18710,26.13333333333333,0.8697307871448529
snappy,40950,69,20,6396,19.30392156862745,0.9228210806023
gzip,56748,43,19,12834,19.717525773195874,0.8762256097560975
snappy,87623,51,20,17830,27.555555555555564,0.9376655184292119
snappy,174150,86,14,18051,18.680555555555557,0.8587346080305914
gzip,255288,75,18,1546,19.354838709677423,0.894039556962026
snappy,166349,5,20,5257,28.05185185185185,0.9313266666666637
snappy,255248,15,1,10566,13.98,0.6405949632738712
snappy,78267,60,8,7962,18.45714285714286,0.7657692307692298
gzip,23385,75,16,7477,26.018181818181816,0.9073096302316133
snappy,52262,52,16,2052,19.636144578313257,0.8730201179327102
gzip,54906,42,2,1863,16.637500000000003,0.6679181286549708
None,106244,36,1,3965,19.27,0.653002074688796
gzip,206782,80,14,10214,25.469999999999995,0.8823097657976149
gzip,59657,47,12,27235,19.23174603174603,0.7863353267834268
snappy,189730,67,14,12439,19.2,0.8438011428571427
gzip,34883,44,17,2429,19.421428571428574,0.92771865443425
snappy,129426,79,7,25232,21.346153846153843,0.7596421600520483
gzip,208622,96,9,14575,18.639215686274508,0.8064388525415201
snappy,101575,59,4,25920,20.14285714285714,0.7384231999999998
snappy,186486,84,15,21076,18.697435897435902,0.8965519855595655
gzip,162426,1,11,25361,18.6,0.8417687717553454
gzip,243289,50,16,15935,26.173333333333332,0.8972509164969442
snappy,57710,29,2,3472,15.9375,0.6596220703125009
None,196515,23,11,5577,20.332203389830507,0.8809060948081275
snappy,58285,3,20,17451,20.184313725490192,0.9231544183278788
snappy,176907,70,2,6675,13.400000000000002,0.6681392988929882
gzip,15271,64,19,17148,27.903999999999993,0.9511293693693705
gzip,261646,57,16,17826,19.257831325301197,0.8789484679665731
gzip,20476,45,17,16323,19.659770114942532,0.8900867974725629
None,14192,71,11,13400,21.64745762711864,0.8361842806394324
gzip,75300,82,3,27239,14.474074074074073,0.710504105090312
gzip,131648,83,4,13312,13.711111111111112,0.7295026335590665
gzip,167338,41,7,7827,22.53076923076923,0.7631025473546699
snappy,90566,87,10,25183,18.678571428571423,0.8218199718706056
None,220374,7,10,10017,20.752727272727277,0.9507445703493878
snappy,20059,84,13,16038,25.631578947368418,0.8631525500910758
None,146753,52,12,27505,23.103125000000002,0.8227000000000013
gzip,6640,9,10,21784,19.305454545454545,0.7790799619228933
snappy,208757,80,9,22817,18.37647058823529,0.7750134061569011
gzip,170590,24,10,129,17.933333333333334,0.8243585262163449
None,157848,74,17,24441,21.534883720930235,0.9361527406417104
None,186926,96,4,697,24.45,0.7720056315366042
None,238030,60,17,20185,22.822988505747126,0.8937896825396827
None,212852,44,20,12916,31.71481481481482,0.9452282646345698
snappy,70664,51,12,1478,19.89375,0.8139002096436057
None,13748,82,16,25299,22.016666666666666,0.8783523972602718
None,161268,17,17,26559,20.834482758620688,0.9482985123966959
snappy,165728,71,12,17412,19.04375,0.8129059574468078
gzip,119665,99,3,25638,16.777777777777775,0.7267312775330403
None,38770,1,8,16359,20.28085106382979,0.9529606592238175
None,163747,22,1,17150,19.014285714285716,0.6848465723612616
None,27475,17,13,23747,20.837681159420292,0.8500959677419354
snappy,213499,54,20,21676,17.96666666666667,0.9226749488453665
None,46197,30,4,28123,18.775757575757574,0.8567908351810791
snappy,132677,65,2,10280,13.303999999999998,0.6720368663594475
None,120665,8,2,17809,15.6,0.8615894346617254
gzip,99773,69,10,5605,18.538181818181815,0.7852168059424325
snappy,96304,95,9,2995,18.55294117647059,0.8196143497757862
None,217228,42,19,3597,23.040816326530607,0.9040593579648715
snappy,199355,74,9,14842,18.596078431372547,0.7746055916125825
None,254580,24,4,15878,19.43870967741936,0.8860601783060917
gzip,180763,37,8,8596,23.728571428571424,0.7752293798916304
None,65229,25,14,28435,20.89189189189189,0.8916926658905702
gzip,166044,41,7,24617,18.502325581395347,0.7430427350427343
gzip,49012,61,14,16440,19.378666666666675,0.849422492401218
gzip,42216,51,10,18660,19.02909090909091,0.7894302434456928
None,256547,75,7,7726,21.30697674418604,0.7578096906012859
None,50788,33,10,21464,22.930909090909097,0.8150320301460195
snappy,135267,50,16,22495,19.31666666666667,0.8608012618296526
gzip,205630,35,7,7735,22.499999999999996,0.7634579319203598
snappy,259253,14,4,28862,17.200000000000003,0.7199727740986026
None,241679,74,15,13830,21.97692307692308,0.8685495658465997
None,211432,18,7,3862,20.18139534883721,0.9183773148148137
None,190564,0,10,2822,20.482142857142854,1.0176944312232288
snappy,156193,68,16,5992,25.627272727272725,0.9329079054604743
gzip,193963,72,7,17145,15.318918918918918,0.7420322014051529
snappy,33842,82,12,3261,18.7875,0.8278663829787217
snappy,248663,12,19,12606,20.074747474747472,0.9211284572833442
snappy,37799,90,11,5901,18.979999999999997,0.8492386867790603
None,172545,62,14,3207,22.517333333333337,0.8472394043528064
None,24459,37,11,12990,22.8,0.8713431684067205
gzip,40666,74,5,10300,16.497142857142855,0.737555479918311
snappy,134421,62,6,15013,17.331578947368417,0.7495325406758447
None,101702,67,17,4601,31.96521739130435,0.9383737882900333
gzip,186358,44,19,9710,27.364705882352943,0.9115485021398018
gzip,60142,87,17,13144,18.152941176470588,0.9343751808972508
None,254549,8,6,9558,24.504347826086953,0.8932466063348414
gzip,212119,19,15,3256,18.021276595744677,1.016062348960853
gzip,60380,41,13,19226,18.65625,0.8432625899280576
snappy,186627,22,9,23117,19.037499999999998,0.7824388609715233
gzip,91342,31,14,28017,26.26285714285714,0.9246892712550615
gzip,261784,7,1,5978,13.319999999999999,0.6333319238900639
gzip,202194,47,14,27660,18.9536231884058,0.861754098360655
None,122641,3,19,25823,17.51392405063291,1.0773925470332844
None,7526,47,7,10547,22.064999999999994,0.7566166237113395
snappy,137167,14,20,19445,19.579166666666666,0.9420266343825626
gzip,250507,78,9,27193,17.970833333333328,0.7868395961862018
None,167624,14,16,18006,19.921052631578952,1.0087244693632371
None,99131,98,3,16595,18.97692307692308,0.7257233134073465
None,247271,77,7,11001,20.395,0.7626530483972339
snappy,207747,65,17,26860,18.911111111111115,0.922284515636918
snappy,254493,62,3,2086,15.492307692307692,0.7124931740614342
snappy,54085,13,16,15193,19.771428571428576,0.9747269853812716
snappy,147863,24,1,4846,14.010000000000002,0.6367557411273477
gzip,70667,37,14,21595,19.53235294117647,0.8603465517241367
snappy,144676,77,17,6251,18.676543209876545,0.9279406618486115
gzip,158063,7,14,4442,19.562318840579714,0.9336972198088633
gzip,58512,12,4,22599,16.22666666666667,0.6904340359094452
None,244826,93,10,14422,20.862745098039216,0.8560158982511917
snappy,10590,97,8,24785,17.88181818181818,0.7819151335311572
None,218028,47,12,4242,21.901694915254236,0.8339430622009567
None,195340,56,8,11497,21.56818181818182,0.7831015531660701
snappy,241914,50,4,25190,16.486666666666665,0.7159046129788884
gzip,23917,93,12,29828,24.187878787878788,0.8388856673960601
snappy,13446,24,17,20593,19.548148148148147,0.9350440227703987
snappy,8140,92,19,10576,18.52444444444444,0.9609148486980988
snappy,90988,27,12,8791,19.11,0.8415695238095239
gzip,7806,65,7,12172,18.009999999999998,0.7447742549143949
None,48806,4,2,20117,20.6375,0.6589204322200386
None,232053,15,11,27226,20.267857142857142,0.8398680555555552
None,151760,46,7,16191,21.619999999999997,0.7549232221522963
gzip,256572,41,20,18082,18.974736842105262,0.9053360711841189
snappy,127798,89,6,6797,17.032432432432437,0.7589310344827603
gzip,195357,93,11,26418,18.170909090909092,0.833402190144349
gzip,192379,10,8,6401,18.64090909090909,0.745010005885815
None,234005,91,15,3126,20.80277777777778,0.908853709075838
snappy,93212,45,3,19399,15.469230769230766,0.6928216723549497
snappy,116310,17,4,23954,16.668965517241382,0.6963573103987499
gzip,12068,19,20,8282,19.265263157894736,0.9331055155875299
snappy,123218,35,19,3073,19.404444444444444,0.9035012345678994
None,162625,40,5,22892,21.2969696969697,0.7454416607015049
gzip,222184,4,13,28844,27.047058823529415,0.9423571428571431
snappy,238704,31,2,1360,14.582608695652175,0.6563583489681049
gzip,158450,56,3,8192,15.376923076923077,0.7010878090366582
snappy,72902,43,2,3582,16.65,0.6700806293018671
snappy,159607,68,18,13793,19.117241379310343,0.899689882189883
None,114057,13,11,142,26.882352941176475,0.9326825075834176
snappy,135115,79,3,19425,14.340740740740742,0.712485477178423
None,142481,0,1,9837,15.809999999999999,0.7595560253699796
gzip,217493,1,14,243,19.83888888888889,0.8699451846212387
None,221410,88,1,4050,17.630000000000003,0.6920146750524101
None,18868,59,1,3745,19.25,0.6829663512092534
gzip,245209,20,15,14947,20.28205128205128,0.8987642805495291
gzip,18340,21,19,17916,28.524,0.9781760939167566
None,140986,21,11,24508,20.856666666666666,0.9813477868112012
None,110502,34,9,16179,22.14901960784314,0.8055443937087781
gzip,103408,100,4,26222,17.7,0.749057258064518
snappy,33391,21,19,28615,20.014583333333338,0.8988032429061451
None,251596,100,2,16730,17.93913043478261,0.7228881640260949
gzip,121271,30,16,3355,27.14883720930233,0.9562899552663685
gzip,80889,39,12,21503,17.88181818181818,0.8092792748652624
snappy,146721,23,10,3729,19.77818181818182,0.835369420702756
gzip,42960,90,13,1850,18.86470588235294,0.8368458781362006
gzip,78183,100,12,15828,18.915625,0.7956804079897993
snappy,10232,72,14,11185,19.02702702702703,0.8355193474962076
snappy,85553,9,19,22659,20.07216494845361,0.94358985462419
snappy,72567,47,10,131,19.12363636363637,0.8147711184521004
None,72015,81,1,1131,16.254545454545454,0.6844014675052416
None,21131,91,9,4454,21.784615384615385,0.8252921568627456
snappy,79926,50,4,6344,16.5741935483871,0.7179191232048373
snappy,56093,66,8,14478,23.257142857142856,0.7842734422262537
snappy,128860,74,7,13172,21.49230769230769,0.7581036065573791
None,251145,25,10,23330,20.80727272727273,0.8853198113207539
snappy,124891,96,6,18762,17.047368421052635,0.766001252348153
None,76160,26,7,21791,20.293023255813953,0.8214810126582278
gzip,162750,41,2,13804,10.842105263157896,0.6675649663137622
gzip,58879,45,20,5064,19.649019607843137,0.8768185567010317
None,215130,33,4,20279,20.993548387096773,0.7295562130177512
snappy,5499,35,1,23379,13.819999999999999,0.6528857442348006
None,14080,65,2,25829,19.530434782608694,0.6982321924144315
snappy,208463,10,6,884,22.936,0.7279171232876707
snappy,98564,78,18,23522,17.319512195121952,0.9010992907801405
None,167300,55,1,28031,19.8,0.7009664218258141
gzip,208607,83,14,9675,19.03287671232877,0.8512962962962977
gzip,134449,55,19,10471,19.702040816326534,0.9084322321704202
snappy,164061,47,9,16603,18.491999999999997,0.7974676113360329
None,253488,92,13,3777,21.724637681159418,0.8539987844408428
gzip,58181,46,13,3081,19.17464788732394,0.8283429835142753
snappy,55317,28,12,15876,20.421874999999996,0.8393550847457625
None,121381,27,16,6430,20.807317073170733,0.9105462155563306
None,38276,47,2,7035,19.191304347826087,0.6875313376987854
gzip,108086,55,8,15802,18.48510638297872,0.7646915290356974
snappy,6185,32,12,1082,20.481249999999996,0.8268155462184876
gzip,73997,81,1,28401,12.7,0.6694148606811143
snappy,192045,53,18,22616,25.729411764705883,0.9228914436486979
gzip,210856,0,7,12288,18.483720930232554,0.751603977272725
None,169161,39,8,18143,22.3304347826087,0.8043841991341979
None,218124,30,12,14261,21.29375,0.8290348787749879
snappy,52798,20,8,21373,23.64285714285714,0.7773046116504845
gzip,259840,54,1,27511,13.05,0.653278179937952
None,260610,76,7,6182,21.55348837209302,0.760535072463768
snappy,168262,85,6,631,17.066666666666666,0.7558909426987065
snappy,22831,39,11,9955,19.813559322033903,0.8283056300268091
snappy,255328,10,3,13845,15.88888888888889,0.6883648315530001
gzip,182602,5,14,1644,19.757333333333335,0.8915540386803181
gzip,58622,15,12,1256,20.099999999999998,0.8541964809384164
gzip,251677,6,6,22712,22.200000000000003,0.7921026878015148
snappy,189675,59,6,23214,17.94871794871795,0.7447192546583854
snappy,31350,86,14,10845,19.081081081081077,0.854453338391503
snappy,117472,72,5,20732,15.355555555555554,0.7325895166780109
snappy,141097,76,19,14656,18.708196721311477,0.9856483594864479
snappy,97425,97,7,25373,17.869767441860464,0.7711555812608456
gzip,184693,43,8,4250,18.829787234042552,0.7596702184336719
snappy,247129,29,16,22000,20.390243902439025,0.8871370995521883
gzip,154049,19,15,1814,20.47948717948718,0.8928460982658963
snappy,100562,96,5,29381,16.18857142857143,0.749901360544218
gzip,175928,59,2,11501,14.444444444444445,0.6876487006737244
snappy,92983,18,7,8283,19.13953488372093,0.7451240666283746
gzip,32294,13,11,17455,26.88235294117647,0.8100385192596284
gzip,260028,83,9,9620,18.815686274509797,0.7835437469105284
gzip,82233,32,4,14887,16.72258064516129,0.7262900820283368
None,135763,55,11,24331,22.96333333333333,0.8459735188509871
gzip,209426,55,12,20445,19.834375000000005,0.793058873002522
gzip,174301,27,7,22233,18.514285714285716,0.7775591334894629
gzip,200723,47,16,11380,19.548780487804876,0.8683223226703722
None,197940,45,14,13673,31.151219512195116,0.8797183406113543
gzip,148334,34,9,12131,24.89333333333333,0.7809504504504501
snappy,155171,6,3,22006,14.316666666666668,0.7056202118989403
gzip,203002,30,17,6645,20.40689655172414,0.9151185258964133
None,139525,81,9,5812,21.29019607843137,0.8117284999999994
None,108492,65,17,11928,22.666666666666664,0.8993958611481966
snappy,15242,30,5,14834,17.954285714285717,0.724524324324324
snappy,164496,8,16,20461,20.463414634146343,0.8971617954070971
None,64624,77,20,18531,21.842718446601946,0.9100975680370603
gzip,62693,84,10,7336,23.674999999999997,0.8106894179894178
snappy,176119,56,14,10242,19.761643835616436,0.8428410217308444
snappy,195337,39,13,6074,20.043478260869566,0.8297174085850544
snappy,32318,84,17,15520,19.055172413793102,0.9125097511768665
gzip,36497,50,17,1079,19.65287356321839,0.8898183632734514
gzip,152407,83,11,6996,24.42285714285714,0.8243953953953967
gzip,208553,29,6,22060,18.687179487179492,0.7245993827160501
snappy,195503,1,13,3190,26.542105263157897,0.8780557880055785
snappy,36130,31,17,14041,20.538636363636368,0.9151673862504136
snappy,41847,25,16,15128,20.633734939759034,0.8932739160357859
snappy,86204,96,4,28503,15.600000000000001,0.7367016491754111
None,122037,27,1,18090,16.98,0.6934843749999992
gzip,143080,56,14,5898,25.97073170731707,0.8711013805004306
snappy,236210,82,9,28840,23.44516129032258,0.8318796450360508
None,160610,83,2,6566,17.956521739130434,0.6959548802946597
snappy,47012,71,4,6891,15.729032258064517,0.7201793921423268
None,213478,99,9,25184,21.4078431372549,0.8392616541353387
snappy,107778,23,5,22280,18.194285714285716,0.728079107505071
None,143819,4,15,14491,20.44102564102564,1.0154083694083733
snappy,209545,52,4,3011,16.664516129032258,0.712659985152189
None,40951,91,8,8518,27.300000000000004,0.7996123427201917
gzip,138027,23,20,1813,18.466666666666665,0.8984805155875307
gzip,201182,7,18,8217,20.16304347826087,0.930388853092782
snappy,77396,97,12,4864,18.831249999999994,0.8398457288567791
snappy,104788,50,3,3657,15.244444444444445,0.7027557565789491
snappy,91814,83,5,19092,18.999999999999996,0.749021834061136
snappy,11384,34,11,16295,20.089999999999996,0.8262056863616158
None,121048,39,11,6294,22.918644067796613,0.8405788538427378
None,167721,57,19,7486,32.34901960784313,0.9806008507621425
gzip,38622,17,19,14969,20.26530612244898,0.9257022805373324
gzip,222082,40,1,6356,13.180000000000001,0.6541993704092333
None,150675,23,12,11431,20.717460317460315,0.8193414634146341
gzip,180279,100,16,16678,19.304878048780495,0.8951940090560782
snappy,161771,72,11,24972,23.458823529411767,0.8680513791238512
gzip,75682,1,18,20452,20.002173913043478,0.9467272143774091
snappy,120832,21,16,21461,28.3,0.9230733944954148
gzip,170818,30,3,20513,15.48888888888889,0.6735384615384613
None,211599,5,20,8494,20.29019607843137,0.9258627627627635
None,258087,43,12,19012,23.253124999999997,0.8233326368575014
gzip,49591,47,10,2899,19.098181818181814,0.786184271754305
gzip,261639,11,1,11091,14.1,0.6382344086021505
snappy,166877,17,12,9542,17.42413793103448,0.875619602763386
gzip,153128,23,18,13736,28.287500000000005,0.9811710719530105
gzip,244632,33,20,17714,19.63269230769231,0.8692558414670216
snappy,39813,100,8,483,18.05531914893617,0.7799775465498358
None,79534,73,3,24203,19.51111111111111,0.7232374100719442
gzip,171335,61,11,10216,17.719230769230766,0.8385815096025022
gzip,24566,44,18,23848,19.519565217391303,0.8821243226012108
gzip,45037,72,13,2849,18.867647058823536,0.7963825530212078
None,13400,11,18,19153,19.153658536585368,0.8900667736757607
gzip,33360,93,6,5572,16.753846153846155,0.7596699206833438
gzip,158457,87,17,14853,25.40425531914893,0.955889697433933
gzip,115759,4,11,8768,17.950000000000003,0.809256049274088
None,84602,57,4,11500,21.799999999999997,0.7639764011799427
gzip,191313,30,19,29440,20.03505154639175,0.9013200490496648
None,243267,53,15,728,23.110256410256408,0.8674074208803212
None,106681,69,13,17606,22.099999999999998,0.8354323458767029
snappy,37584,49,2,4119,14.069565217391302,0.6678270814272642
gzip,82775,79,4,27584,15.380645161290325,0.7231985074626861
None,233815,97,3,6957,18.881481481481483,0.7544552117263843
None,38555,21,13,1565,27.268421052631584,0.9456552044609656
gzip,44608,69,13,16984,18.92941176470588,0.8032284223203525
None,16283,73,6,6148,20.71282051282051,0.7600174129353217
snappy,142757,80,17,25544,18.93103448275862,0.935718832891245
snappy,100812,97,5,16866,16.094117647058823,0.7523765182186233
snappy,56231,3,20,20701,20.180392156862744,0.9103759643916932
None,50941,46,15,12872,22.9025641025641,0.8619670289855079
gzip,86262,0,6,29748,18.615384615384617,0.7372604938271593
None,218913,7,6,19279,19.451282051282053,0.91162656641604
snappy,133675,9,17,20746,28.208695652173912,0.9314698512137793
gzip,127411,10,16,25837,20.156097560975613,0.9138413028413038
gzip,45567,12,16,5788,20.156097560975606,0.9195837988826815
snappy,101126,63,11,29123,25.358823529411765,0.8591758241758233
snappy,235054,59,9,24294,19.211764705882352,0.7792763157894721
gzip,87761,65,19,22259,19.515463917525775,0.9106253860407643
None,197559,50,6,26069,27.91666666666666,0.7711837431693997
snappy,259271,46,17,12995,19.993103448275857,0.8879422310756981
gzip,46202,49,13,22860,19.341176470588234,0.8283600000000004
snappy,220344,78,4,14953,17.42608695652174,0.727256126482213
None,47988,35,3,7725,20.54814814814815,0.7106384552177486
None,160265,39,12,25254,31.366666666666667,0.8486274987810825
snappy,104075,80,6,23921,20.76666666666667,0.7614137004701139
None,260394,83,20,7047,19.631111111111114,0.919133054892602
snappy,214306,20,17,6405,20.470454545454547,0.9139127272727275
None,165362,85,18,18824,21.214893617021275,0.9059538266919663
None,87720,84,10,26586,21.334545454545452,0.8339976459510352
snappy,238396,57,16,26147,19.67228915662651,0.9031650051564137
snappy,15841,48,8,3409,18.978723404255323,0.7612388535031847
gzip,199774,3,12,4566,20.206249999999997,0.8501730769230764
snappy,91325,90,18,19852,17.443902439024388,0.9091022618668366
gzip,254545,10,14,22538,19.791666666666664,0.8758026063625919
snappy,50032,18,10,14234,17.895833333333332,0.8169746895893018
gzip,25341,38,13,9543,19.629411764705882,0.8291760507533708
gzip,114622,8,9,6284,19.376470588235296,0.8010388692579502
gzip,35941,23,13,14133,20.21470588235295,0.846801666005554
gzip,261511,48,17,19605,19.872727272727275,0.8892048553375468
None,134932,70,7,6324,20.920930232558142,0.7522444574095674
gzip,235798,35,16,4594,20.109756097560975,0.8712473757872613
snappy,122384,28,1,6227,13.819999999999999,0.651398963730569
snappy,217494,47,3,5493,17.84444444444445,0.7056443252904383
snappy,213839,21,13,25170,26.773684210526316,0.8580444139194142
None,257118,34,4,11828,26.21,0.7377532051282064
None,262039,36,13,24200,30.689473684210526,0.8608442890442881
snappy,190936,43,6,5531,17.28421052631579,0.7423105823418906
gzip,144005,17,17,25193,19.93103448275862,0.9073364611260063
None,203093,0,16,17706,20.74390243902439,0.9811816283924801
gzip,255560,29,19,26200,20.22474226804124,0.9151836547291085
snappy,126312,17,12,6033,20.33125,0.8511741146711633
snappy,257380,69,15,23675,18.890909090909087,0.8853960216998178
gzip,64657,55,15,14335,26.023255813953487,0.8919715481171528
snappy,22504,1,12,9803,20.315624999999997,0.8771851696690421
gzip,96011,79,17,28817,25.217021276595737,0.9518549942151959
None,25830,42,16,11773,32.349999999999994,0.9298226521563883
gzip,226025,76,15,24851,25.88095238095238,0.9012277310924366
gzip,166495,73,11,16525,16.86341463414634,0.8245102040816333
None,160789,32,10,27623,21.23272727272727,0.8397844080846988
None,136868,20,19,7547,20.715463917525764,0.9250090174129351
None,17193,9,19,24229,28.032653061224487,0.9890148588410105
gzip,197593,18,19,17652,20.354639175257734,0.9303532692903594
None,85021,59,9,29584,22.83921568627451,0.8171140570285144
None,52963,98,7,9933,26.453846153846158,0.8358238308776427
snappy,41800,58,12,9730,19.499999999999996,0.814157232704403
gzip,62343,34,13,9877,19.111428571428572,0.8328377192982451
gzip,16443,8,14,11330,19.82465753424658,0.8399647058823524
None,45108,7,12,16397,20.7,0.8403556016597509
snappy,180908,4,20,3967,20.0921568627451,0.9137046601365404
None,211854,48,3,25452,20.099999999999998,0.7188624595469277
snappy,51024,0,14,9931,26.658536585365855,0.8782936507936515
gzip,4497,57,12,19808,17.786363636363635,0.8128548233046792
gzip,56242,1,5,10435,17.68,0.7813600809170591
snappy,44412,77,5,8928,16.11764705882353,0.7375013531799716
gzip,209163,12,8,13364,19.26382978723404,0.7404920212765979
None,34028,49,2,10405,19.62608695652174,0.6922076852698992
snappy,156351,21,2,26237,12.647619047619049,0.6524797421731128
snappy,147324,57,6,23385,17.034146341463416,0.7467139256458735
gzip,129590,40,4,15345,16.41935483870968,0.7126507703595005
gzip,53380,20,19,8542,20.657731958762888,0.9220961538461555
gzip,125362,81,4,10319,17.930000000000003,0.738075636942675
gzip,128032,68,7,13548,21.153846153846153,0.7538889610389602
gzip,49583,72,6,9074,20.816,0.7544264305177115
None,27825,48,2,2123,20.216666666666665,0.6855534246575342
None,197591,24,9,19330,27.038709677419355,0.9666430976430984
None,183413,47,17,16196,23.19540229885057,0.9006419505678036
snappy,63089,39,6,26584,17.831578947368417,0.7329506249999997
snappy,103100,98,6,5016,20.283333333333328,0.7771510989010975
gzip,37758,75,14,20155,25.21951219512195,0.8723117723156518
None,46930,89,2,13033,21.175,0.7158559160305347
None,154667,63,1,2962,18.96,0.6879663865546213
None,170346,27,11,9220,27.805714285714288,0.9253785966683501
snappy,230189,1,9,18138,19.968627450980392,0.7512345679012342
gzip,153504,62,9,2244,18.775999999999996,0.7769409113670489
snappy,172991,5,13,542,20.079411764705878,0.8230205314009676
gzip,161566,69,7,5816,17.167441860465114,0.7403255014326647
None,181746,66,16,12917,31.062222222222218,0.9233586956521747
snappy,149195,37,9,8663,19.076,0.7996813353566008
None,29605,4,1,19740,18.485714285714284,0.7566245989304822
snappy,233197,75,8,16588,18.174468085106383,0.7573926673751321
snappy,80538,78,20,7103,18.862499999999997,0.9706234652114599
None,190653,94,16,12183,21.454545454545453,0.9427576003242821
None,175718,3,10,14256,20.57818181818182,0.9125431924882625
gzip,70992,0,17,17399,20.35632183908046,0.9232424343199214
None,220493,7,9,21022,20.273076923076925,0.9961892025755315
snappy,116454,21,3,20008,16.148148148148145,0.7125282392026573
None,94817,81,6,26840,26.13333333333333,0.7807436946148608
snappy,161120,78,3,10511,16.61111111111111,0.7149781659388648
gzip,41231,44,2,5930,14.544444444444443,0.669718363463368
None,20624,92,2,6573,16.944,0.7282038745387462
snappy,36278,43,10,24085,19.232727272727278,0.8097893258426969
None,132521,90,18,15383,21.96304347826087,0.9220249280920435
snappy,104725,3,2,27240,13.170000000000002,0.6466763901549698
gzip,24041,99,18,16776,19.067391304347826,0.9182293114339848
gzip,128930,87,14,3931,25.299999999999997,0.8953494342906861
None,98377,62,16,14537,23.014634146341464,0.9096151214505646
None,110479,4,18,19947,20.267391304347825,0.9300281509916802
gzip,241841,46,16,3764,26.48444444444444,0.9062341463414654
gzip,261887,64,10,25621,19.29454545454545,0.7996477695167284
snappy,245556,66,12,8319,25.955555555555552,0.8484166666666673
snappy,50748,17,17,16755,20.15862068965517,0.9163979591836768
gzip,210913,63,13,7506,25.564102564102566,0.8341469912723939
gzip,125490,27,1,8625,14.228571428571431,0.6488103813559325
gzip,130582,13,13,14959,20.044117647058822,0.8481369808306706
snappy,119148,6,18,12294,20.17173913043478,0.907076532232455
None,260872,33,19,27323,22.171134020618556,0.8830061595318782
None,142276,11,17,11249,20.51724137931035,0.9400619973190327
gzip,224730,45,2,2046,16.425,0.6679590085795996
gzip,188598,53,13,14728,19.49855072463768,0.8286760173844323
None,25087,96,12,3528,29.238888888888887,0.8668699705593731
snappy,159013,97,1,23413,13.214285714285712,0.6839852786540475
snappy,246671,79,17,10625,19.470454545454547,0.8987323066841405
None,181212,28,13,23392,27.558974358974364,0.9073362790697689
gzip,256832,41,15,11193,19.415584415584416,0.856910447761196
snappy,240944,11,17,23514,18.787012987012986,0.8991421017845308
snappy,139400,15,1,26807,13.95,0.6396718587746617
snappy,106941,59,10,10048,19.00357142857143,0.8231014698909438
gzip,253684,88,4,23635,18.270000000000003,0.7314208037825068
snappy,10637,94,15,17015,18.867532467532467,0.8711620538965763
None,160563,89,8,8808,21.948936170212765,0.8036573830793481
gzip,115989,91,7,24169,21.85925925925926,0.7696415816326525
None,107422,45,17,16152,22.5448275862069,0.9249757313829797
None,26058,19,1,3030,16.95,0.7682226804123725
gzip,62858,51,16,26329,26.90454545454546,0.8976809991809991
snappy,57320,82,16,21560,25.349999999999998,0.9384397446129291
snappy,209815,58,12,12205,25.162162162162158,0.8351437591063636
None,116362,87,20,3098,21.56831683168317,0.9211968851013799
snappy,217443,80,16,18856,25.995454545454546,0.9134632471728588
None,10744,35,5,1435,21.505882352941175,0.7460759919300599
None,175544,74,7,22922,20.609302325581396,0.7608461538461555
None,180551,64,10,18349,30.443749999999998,0.8648905419766202
gzip,164455,17,13,29072,20.27941176470588,0.8354637623762381
gzip,203226,88,6,25872,16.743589743589745,0.7596495037220832
snappy,164442,7,20,3181,27.64727272727272,0.954488298987076
snappy,161232,84,7,26452,17.902325581395345,0.7567353616532734
None,250017,23,17,4688,21.310344827586203,0.9920242122719738
None,30350,69,8,12622,21.561702127659576,0.7933909287257005
gzip,17965,75,14,3647,18.9945945945946,0.8505778454510848
snappy,226725,35,13,25894,20.167647058823526,0.8268276416231414
None,80607,70,8,16013,27.49285714285715,0.8129456849728423
snappy,107596,32,6,20032,18.60512820512821,0.7381747512437801
gzip,186127,86,15,12663,19.356410256410257,0.8726179935737232
None,238858,65,7,10628,22.03333333333334,0.7581337987201868
None,29959,35,5,23842,21.652941176470588,0.7491184032476319
gzip,122683,66,14,12128,19.838356164383566,0.8314488549618337
gzip,135122,76,3,462,14.511111111111111,0.7091977217249787
None,156932,98,18,26690,21.374468085106386,0.9252570167139685
None,104820,66,7,14656,28.43076923076923,0.8201534526854226
snappy,230464,97,10,6982,23.537499999999998,0.8497299270072995
gzip,127965,20,5,6197,17.994285714285716,0.7191280323450133
snappy,68810,10,9,11057,18.167567567567566,0.788193300384403
snappy,170644,95,9,3266,16.448648648648646,0.8422132886655513
snappy,181760,46,7,8236,17.799999999999997,0.7422011661807576
snappy,256219,2,1,26442,14.828571428571431,0.6477223404255327
None,58540,85,19,20246,21.391752577319583,0.9534210048426162
snappy,89593,21,8,21605,19.295833333333334,0.7733037705788621
gzip,6538,92,12,25078,24.427777777777777,0.8154934624697334
gzip,24672,95,2,13193,15.18823529411765,0.6971544256120528
gzip,161666,45,15,19644,26.552380952380954,0.882947782842936
snappy,134689,19,16,28727,26.933333333333334,0.9398821170809947
None,33871,59,7,3506,27.65384615384615,0.768156595191683
snappy,115187,65,17,4489,19.46896551724138,0.9226503311258284
None,73635,11,5,4471,19.377142857142857,0.8554159999999995
snappy,42489,87,12,1924,18.803125000000005,0.826525646460366
snappy,228767,75,2,27177,13.641666666666667,0.6708794197642792
snappy,6950,11,18,11548,27.8875,0.9220223935389145
snappy,244476,29,18,12997,28.154166666666665,0.95831544117647
snappy,10499,76,15,13518,18.992307692307698,0.8835005385996424
gzip,228795,16,5,9944,17.302857142857146,0.7107249657064474
gzip,101883,27,5,868,17.462857142857143,0.7203941055517488
snappy,210982,70,1,9493,13.02857142857143,0.6569488272921106
gzip,124001,4,2,14290,16.375,0.6442230769230773
snappy,86347,3,3,6234,16.880000000000003,0.6881737991266377
None,80443,79,9,8713,20.33207547169811,0.8190120724346075
None,134271,16,18,4569,20.849462365591396,0.8741612492033117
gzip,63656,22,7,28939,23.31111111111111,0.7466977186311793
snappy,189823,95,15,14874,19.184615384615384,0.8737567180222147
snappy,102892,15,16,2451,20.03902439024391,0.8989626556016596
gzip,81686,78,20,6596,19.050980392156855,0.9055346998535844
gzip,11968,56,3,17227,17.1,0.7095203816131835
None,181216,64,1,29276,19.27,0.6926532091097306
gzip,17314,71,13,17981,18.79705882352941,0.8376200485044449
snappy,197329,26,15,13346,27.07906976744185,0.9026205615194084
None,213909,65,20,706,22.876470588235296,0.9492808460634563
gzip,233999,10,20,7527,20.380392156862744,0.9053096522781757
None,130316,73,16,6045,21.766265060240965,0.8742788858321872
snappy,112032,72,5,26337,19.363636363636367,0.7378630735615448
snappy,63621,58,7,24061,18.65581395348837,0.7504928530588896
gzip,138721,89,18,218,19.180645161290325,0.908125117887458
None,13462,45,11,20628,30.952941176470592,0.8917102102102118
None,84341,45,9,12127,22.498039215686276,0.7768213041314093
snappy,43697,96,7,27561,17.539534883720933,0.7667508551881395
gzip,225154,71,3,3186,14.444444444444446,0.7090872756933109
gzip,220506,94,19,2532,26.231372549019607,0.9648102473498255
snappy,115263,47,3,5444,15.133333333333333,0.7011061224489797
None,43783,59,19,13643,22.713402061855675,0.9220107791807822
snappy,121382,8,7,1593,18.9906976744186,0.7234559164733172
gzip,124488,91,15,22075,18.763636363636365,0.891497251740564
None,32614,50,17,29146,30.868085106382978,0.9457546728971948
snappy,16467,80,4,8732,15.567741935483873,0.725336552748887
None,88796,80,17,23114,21.643678160919542,0.9383125832223685
None,67089,26,12,834,27.038888888888888,0.8763502191914274
gzip,123439,34,13,20168,25.71794871794872,0.8632437325905292
None,141308,66,5,13990,21.71428571428572,0.7669830508474582
None,83117,45,1,25112,19.229999999999997,0.6781804979253122
gzip,81123,56,5,22673,16.96,0.7395676037483266
snappy,139057,63,3,10631,15.23703703703704,0.7018098307816291
None,177053,61,15,9135,21.907246376811592,0.8745905342416646
gzip,215116,37,12,29967,19.609375,0.7894822546972858
gzip,76279,57,9,25081,18.745098039215684,0.7759881246907468
snappy,68680,16,10,1136,19.680000000000003,0.8218017848755296
snappy,205402,70,13,21054,18.614492753623185,0.8277134410721317
gzip,22554,86,14,10710,18.967123287671235,0.8629763449065239
snappy,130009,64,16,10504,19.226190476190478,0.9019653532608694
snappy,148670,36,20,24886,20.058823529411764,0.9003676685147355
None,199963,62,18,18949,22.893478260869564,0.9262301612393312
None,147900,5,1,5772,14.258823529411766,0.7275969072164963
None,136488,16,4,28044,22.259999999999998,0.8886195393169182
snappy,88405,34,20,5164,28.66153846153846,0.9118109777015424
gzip,7814,26,7,12562,21.882758620689653,0.7852321428571435
gzip,84328,33,6,27774,15.020689655172413,0.7457221458046787
snappy,129035,63,2,11739,14.475,0.6744290909090903
gzip,216880,76,15,15051,19.0,0.8679769652650843
gzip,207669,72,10,5874,18.74545454545455,0.7912043314500952
snappy,34659,11,9,23533,19.79607843137255,0.7771491712707184
snappy,75646,100,11,7609,18.84333333333333,0.855364690147124
snappy,116389,22,17,15444,20.439080459770114,0.9411566622691306
snappy,251633,36,3,21190,15.892857142857144,0.6947339300244109
None,167445,79,1,4974,17.69,0.6828297435897448
gzip,132913,17,18,25802,19.936666666666667,0.968675474506887
snappy,251023,30,7,18087,23.753846153846155,0.7513204068658623
None,185462,39,17,27593,32.23478260869565,0.9684818713450303
gzip,14255,61,11,19763,24.78235294117647,0.8610965174129368
gzip,104141,92,11,18237,24.114285714285717,0.8455651105651115
None,256526,81,2,8822,17.90434782608696,0.7014308118081172
gzip,165637,50,3,9357,15.528571428571427,0.7035321923390389
snappy,64773,81,19,1380,19.03505154639175,0.9134283110571082
gzip,112578,62,15,954,19.546153846153846,0.8675043041606874
snappy,18631,17,6,27219,18.152631578947364,0.7317179644389952
gzip,5813,35,1,10838,13.129999999999999,0.6489917695473244
None,131629,13,13,19920,20.857971014492755,0.9466115569823432
None,100688,93,19,24639,21.71428571428572,0.9511640483383705
None,238236,87,18,4669,22.098305084745764,0.9521620727673638
None,104311,36,20,11421,22.74509803921569,0.9317861967694566
snappy,145786,23,1,16037,13.77,0.6450030769230762
None,106287,68,7,19313,20.78666666666667,0.7494349593495937
snappy,204094,1,12,12823,18.939285714285717,0.8857871434653044
gzip,112762,86,13,4805,18.457971014492752,0.8270772889417373
snappy,19438,25,7,21896,18.6093023255814,0.7526441159749844
snappy,59198,57,20,24057,19.91960784313726,0.9254516034127707
snappy,248613,61,13,13209,25.136842105263156,0.85594029170465
gzip,201954,72,1,5091,12.370000000000001,0.6626293634496919
None,59024,3,10,11040,20.367272727272724,1.0170028517110288
gzip,258830,99,7,25226,17.276190476190475,0.7854819557625156
gzip,227755,93,6,28381,16.599999999999998,0.7687403486924035
snappy,108684,16,20,2556,20.46990291262136,0.8947374368123687
snappy,83900,36,10,2237,19.727272727272727,0.8107429906542063
gzip,86580,50,10,5795,25.106249999999996,0.8090748829953187
snappy,32547,66,10,28233,18.956363636363633,0.8222762535477744
snappy,69340,98,11,29827,23.93142857142857,0.8898884501480746
None,166443,76,13,11009,22.07246376811595,0.8363770816812053
snappy,14702,34,5,21807,17.81714285714286,0.7351444892473117
gzip,138351,27,13,1699,25.989473684210527,0.8533274336283181
None,119016,26,10,8393,21.089285714285715,0.8807287259050316
gzip,227598,14,1,12969,13.114285714285714,0.6402809917355373
None,116090,8,6,2164,19.22105263157895,0.9081914232442506
None,67760,55,12,23593,23.334374999999998,0.8223425460636519
gzip,230995,87,15,19469,18.80256410256411,0.8691816527120506
snappy,59534,13,19,11374,19.947916666666668,0.9292901813633511
gzip,115174,86,2,21139,13.6,0.6819360360360358
None,74316,40,12,9143,29.378947368421056,0.8919439571150107
gzip,164402,92,2,17153,13.533333333333333,0.6914945355191262
None,172782,12,16,9597,28.126086956521732,0.9960866267465068
snappy,245252,21,12,16234,20.346875,0.8338899662731868
None,226959,22,4,11934,19.051612903225806,0.9013995568685368
snappy,201638,69,16,4402,25.91363636363636,0.9230407673860891
gzip,92072,49,6,2610,21.592,0.7541085637221839
None,182800,42,20,248,22.758823529411767,0.9028613074204945
snappy,63971,76,8,23868,18.170212765957448,0.764056854410202
gzip,162968,96,11,15971,18.753333333333334,0.8337559158632781
snappy,233122,66,19,11068,19.771134020618558,0.9419225568531039
snappy,222754,49,9,15990,24.239999999999995,0.7912883939038688
snappy,11964,34,6,9243,16.21818181818182,0.7351736334405145
snappy,142315,21,4,28356,14.475000000000001,0.7124435483870964
snappy,25667,35,7,25075,19.03333333333334,0.7451513002364063
None,63567,55,19,14004,31.733333333333334,1.002681921331321
None,158092,78,10,27256,20.95925925925926,0.8399215686274504
gzip,167214,47,15,7938,17.593939393939394,0.8666579654510558
gzip,37191,34,16,14291,27.814634146341465,0.9086973113616653
None,188621,8,17,429,18.267567567567568,0.9057768115942038
gzip,138634,96,10,11470,16.935135135135134,0.8305527034407422
snappy,150313,52,11,26295,18.642105263157898,0.8426154216867477
gzip,106318,93,1,16540,12.61,0.674427377220481
None,131006,78,10,17149,20.259459459459457,0.8688131997642894
gzip,180412,15,1,8033,13.030000000000001,0.6383976670201494
gzip,234630,83,19,23365,18.235164835164838,0.9510350208044384
None,245931,70,8,19589,20.472727272727273,0.777124703087885
snappy,40555,4,17,27632,19.673170731707316,0.9509775750665148
gzip,57529,36,13,14979,25.35428571428571,0.8804480932203401
gzip,188420,58,2,971,12.32,0.6733422053231938
snappy,58772,67,5,6582,20.019047619047615,0.7370896825396824
None,144654,13,8,13025,25.933333333333334,0.8751484168865419
None,159997,35,3,2223,20.39230769230769,0.717829914529916
snappy,93777,88,13,2026,18.895384615384614,0.847691837625492
snappy,59194,99,5,25377,19.580952380952375,0.7624875000000004
None,224316,45,9,9415,22.2375,0.7857733711048154
gzip,121744,54,5,26844,17.070588235294117,0.7297274725274718
snappy,71403,60,5,1490,20.219047619047622,0.7358455349959768
snappy,97910,73,17,22669,26.155,0.9726333182435477
gzip,228494,48,15,26038,19.219444444444445,0.885263223656809
None,135738,71,6,21630,20.177777777777777,0.7543312757201642
None,146487,57,20,15708,31.523404255319157,1.0153547985043618
None,226216,39,8,12719,28.56923076923077,0.787809427609427
gzip,104022,85,12,3651,18.466666666666672,0.8124892996108966
snappy,206092,15,16,8542,19.671052631578945,0.9453713368125269
None,188396,7,19,11447,19.80888888888889,1.0335917414721734
gzip,235299,6,4,24477,16.46206896551724,0.6907622047244102
None,244388,24,6,3419,19.666666666666668,0.7258028945554776
snappy,175714,69,13,16340,25.15294117647059,0.8672180293501066
None,140151,65,3,15764,24.847058823529412,0.7333679417122033
gzip,95823,81,17,26838,25.35609756097561,0.9789246935201383
gzip,141521,30,2,7289,14.200000000000001,0.6397977207977199
gzip,218751,90,10,20975,18.073076923076925,0.8018660806618413
snappy,70343,95,6,3181,16.794594594594592,0.7614739688979043
snappy,27221,68,15,19738,18.88421052631579,0.8731827626010008
None,204753,91,5,11574,18.379310344827587,0.7779140401146126
snappy,25196,20,15,20675,20.336,0.8967703367385514
gzip,214808,5,6,29277,17.329729729729735,0.7574744376278123
None,88284,7,4,26225,18.673333333333336,0.8387375389408095
None,193446,46,5,22345,19.807692307692307,0.773887480190173
None,251583,59,18,10635,31.075,0.9428315707011373
snappy,122592,83,10,16020,16.724324324324325,0.8670897666068225
None,131729,72,10,12567,28.032258064516128,0.8556527777777774
None,122030,79,17,18015,21.031707317073174,0.9573244330651044
gzip,160639,9,7,24502,18.29756097560976,0.9231286624203805
None,18259,17,6,28763,18.493750000000002,0.8692486263736278
None,59878,55,1,19314,18.599999999999998,0.6742962962962982
gzip,239270,59,7,20782,17.81,0.7561913814955623
gzip,12069,56,5,5775,16.884848484848487,0.7246695715323179
None,57855,53,10,15289,21.97254901960784,0.8386520822351083
snappy,117531,79,14,26101,18.441176470588232,0.8671281276962897
snappy,9519,42,19,7626,19.035555555555558,0.9001314204746735
snappy,201402,14,12,6739,19.813333333333333,0.9088280435812405
snappy,252990,74,5,23320,16.35151515151515,0.7259549745824251
snappy,70252,20,2,12003,14.747826086956522,0.6443589743589752
None,27765,98,9,23262,27.237037037037037,0.8665376344086027
None,138469,66,3,18759,18.88695652173913,0.6990427350427341
None,17402,84,7,10919,20.905,0.7724186495176849
None,177310,49,9,12245,22.775510204081634,0.7865871607515652
gzip,16860,2,12,29080,18.139285714285712,0.855782023447676
None,126425,64,18,1879,21.561363636363637,0.917449074074075
None,41961,19,9,3551,20.43333333333333,0.8757199999999981
gzip,128071,5,3,13852,15.76923076923077,0.653087628865979
None,84449,3,2,4366,17.530434782608694,0.657308935361217
gzip,11343,7,2,3963,14.57391304347826,0.643505223171889
gzip,174740,86,8,15711,17.78181818181818,0.7725465801886787
gzip,244436,70,14,14886,24.545945945945945,0.8966105476673434
snappy,219097,9,9,26739,19.816666666666666,0.7768603104212879
None,123903,1,20,18401,19.55106382978723,1.0353301104972383
snappy,121330,18,7,25610,18.545,0.7674236858771383
None,25636,26,13,14600,20.528125000000003,0.949310487580497
snappy,98930,46,8,28377,18.486363636363638,0.766950771055753
None,7262,96,18,14069,29.81904761904762,1.0048617251842233
None,161591,43,8,2764,21.663636363636364,0.7722379821958466
None,158566,82,8,11882,21.304545454545455,0.8124671052631575
snappy,59038,81,15,25945,16.659574468085104,0.9271322957198448
snappy,15626,23,3,16285,15.653846153846152,0.6854186046511643
gzip,250309,68,17,20675,18.55555555555556,0.92208261359369
snappy,174797,41,4,18158,16.66,0.7092815457413255
gzip,93791,79,5,28352,19.520000000000003,0.7398806682577567
None,57107,68,15,13525,21.142465753424663,0.8878574363188162
None,101565,33,7,3204,21.27,0.7469056364787832
snappy,187802,3,9,26512,25.142857142857142,0.7688187539332908
snappy,219946,71,6,13533,17.1027027027027,0.7174766101694913
gzip,15287,44,13,24757,19.115625,0.8414371609403263
snappy,198290,79,11,5193,16.759183673469387,0.8555368893320038
gzip,160870,51,12,16915,18.743333333333336,0.7962772230147411
snappy,131487,79,13,16074,24.8,0.875929319371728
None,228578,32,3,6080,18.907692307692308,0.7068544358311788
snappy,191634,72,7,29930,16.965,0.7429219543147195
snappy,215684,28,16,8416,19.942857142857143,0.9248024544734765
snappy,7096,54,14,2168,19.291176470588237,0.8700997830802584
snappy,118601,8,7,19746,18.473170731707317,0.726671310956301
gzip,251958,76,20,6773,18.248936170212772,0.9387514510071691
None,117701,23,15,7109,29.335135135135133,1.0021166747690804
gzip,198096,88,16,23398,18.953246753246756,0.895362509391437
None,33334,85,10,2215,27.9,0.8701385964912269
None,146130,15,10,10153,19.905660377358487,0.9110289928789406
snappy,244949,29,7,24044,23.65833333333333,0.7821514305652484
snappy,138603,9,8,15056,18.736363636363635,0.7597801169590641
snappy,152881,61,20,10214,19.569387755102046,0.9507217086388285
snappy,106129,57,11,7881,24.693749999999994,0.8859774901519415
snappy,201890,48,18,16516,19.163218390804595,0.9297191129883837
snappy,140484,18,2,24275,11.621052631578948,0.6566370887337986
snappy,59675,54,15,12104,25.625641025641023,0.9193349012229536
snappy,22205,57,20,25822,26.45490196078432,0.9694869731800763
gzip,16483,49,5,22029,17.084848484848482,0.7249636363636351
gzip,95249,68,8,22891,17.754545454545454,0.7589063604240278
snappy,212136,60,2,13072,14.504347826086954,0.6548449248120295
None,217528,25,7,24555,19.98048780487805,0.836994535519125
snappy,101060,37,14,18443,25.9,0.8839020979020981
gzip,238621,58,4,3942,15.660000000000004,0.7291589147286827
snappy,184961,44,15,21402,19.134246575342466,0.8713080664775043
None,110464,8,14,24425,19.891176470588235,1.0415587719298254
gzip,184581,58,8,25745,18.509090909090904,0.7878202846975086
gzip,76584,83,4,8462,15.372413793103451,0.7230370370370391
gzip,239504,2,14,21605,19.600000000000005,1.0085594102341722
gzip,242039,99,13,17919,18.671875,0.8644930274403956
None,257810,43,17,24038,31.50243902439024,0.9738602054488609
snappy,121606,20,20,13975,19.31578947368421,0.9336881461061329
None,160637,25,7,22256,20.07142857142857,0.8961268115942045
None,175641,29,6,503,20.326315789473686,0.8549635890767242
None,178924,54,7,22580,28.353846153846153,0.7717289972899725
None,155110,64,9,4907,22.727999999999998,0.7896351136964576
snappy,225443,67,13,805,19.116417910447762,0.8361361916771769
None,226241,63,7,11465,22.38571428571429,0.7662904411764699
snappy,79754,3,8,20054,18.83043478260869,0.7661764377442777
snappy,239511,9,1,2022,13.830000000000002,0.6637808510638298
snappy,178627,52,7,13857,18.247619047619047,0.7487566425120766
None,9560,27,8,26786,20.752173913043478,0.8800000000000002
snappy,240149,60,20,29629,19.549999999999997,0.9169627003699132
gzip,259311,21,20,27495,19.877999999999997,0.9401759615384625
gzip,184229,34,18,2116,19.860000000000003,0.8940164264163591
snappy,252620,75,6,2123,21.166666666666668,0.7590007047216355
snappy,24923,27,14,3243,20.05833333333333,0.8766748392282941
snappy,140270,21,17,1266,20.143529411764707,0.9198718216649256
gzip,72069,84,2,24611,14.95,0.6784161793372333
snappy,29693,9,6,13196,16.400000000000002,0.7173198433420371
None,121610,86,14,23695,21.400000000000006,0.9058332665330665
gzip,91056,58,14,7698,18.907042253521126,0.8539315178213865
gzip,223615,51,8,5688,18.669565217391305,0.76594642857143
snappy,206269,10,4,17002,20.21,0.7103946932006631
gzip,198120,48,11,13588,19.217241379310344,0.8408442469597747
None,201925,77,4,14360,19.726666666666667,0.7456368501529049
snappy,85472,86,6,25507,16.97368421052631,0.752800890585242
gzip,123626,75,4,16578,15.466666666666667,0.7203051498847036
snappy,85300,60,4,20582,14.39259259259259,0.7270400302114784
None,176247,87,3,27235,23.566666666666663,0.7270820559062218
snappy,231979,43,13,14435,19.480597014925372,0.8356638690725967
gzip,30526,47,11,7625,19.16949152542373,0.8458447146866243
None,156625,83,17,3960,19.718918918918916,0.9625424445227188
snappy,173975,34,11,2605,19.355172413793106,0.8364979001399907
gzip,15928,63,10,24783,19.288888888888888,0.7965250371839354
gzip,118938,29,1,27313,13.35,0.6466624338624325
snappy,94474,41,16,20610,27.199999999999996,0.9311872643485544
gzip,207755,98,18,8899,18.66,0.9333955375253558
gzip,39661,67,18,8185,19.308888888888887,0.9061349797022988
gzip,67606,24,9,29228,24.73793103448276,0.8374303135888501
snappy,176298,79,12,22589,18.4741935483871,0.8260767172167698
snappy,232185,34,8,7,16.587878787878786,0.7827621118012421
None,177150,67,9,13450,22.344,0.8218494736842109
gzip,259855,28,17,27160,27.133333333333333,0.9456249496981879
snappy,49845,32,11,24534,18.356862745098038,0.8552034054302813
snappy,85226,98,16,8005,18.8975,0.9039037550127604
None,7658,67,19,2076,21.890526315789476,0.9601426218708833
None,27097,42,15,27764,23.34,0.9003938207136643
snappy,153950,84,6,24286,17.09473684210527,0.7529525641025652
snappy,10799,44,19,11848,19.26170212765958,0.9114076350695591
None,122201,71,16,17974,21.809876543209874,0.8889091907726112
None,105019,71,7,19593,21.114285714285714,0.7637433090024338
gzip,94441,68,19,24633,26.629166666666666,0.9538964218455755
snappy,254745,48,3,13575,13.06086956521739,0.7070956375838914
snappy,27620,94,5,24632,16.258823529411764,0.7497851063829775
None,238822,13,11,19240,27.066666666666663,1.0485530546623778
snappy,169441,53,15,15094,26.67317073170732,0.9360403821102923
snappy,43380,95,17,2722,18.99069767441861,0.9547195584684389
None,195460,7,12,6464,27.288888888888888,0.9088008871365195
gzip,190028,68,14,19440,18.802816901408455,0.8485792437650833
None,123124,77,15,21068,19.83030303030303,0.8843738496932535
gzip,93332,97,1,20186,12.540000000000003,0.6837920685959264
gzip,243702,2,1,20631,13.330000000000002,0.6301620762711857
None,123663,66,20,13723,22.272000000000002,0.9236516535433071
gzip,127526,32,2,19078,14.113043478260868,0.6645626767200749
gzip,246657,95,6,14618,16.99473684210526,0.7777311688311693
None,95974,9,20,28705,20.418,0.9247387613957868
None,261108,51,6,27996,22.452631578947365,0.7601748878923773
gzip,90979,48,12,9816,18.832258064516125,0.7938967512238552
snappy,233472,2,12,29995,26.680000000000007,0.9203541357107484
gzip,147104,62,16,7617,26.657142857142862,0.9313706205149855
None,81996,27,12,20900,20.522580645161295,0.8838404444444451
None,189620,56,7,24563,21.135135135135137,0.7563444378346212
gzip,201536,23,7,4391,18.666666666666664,0.7586756272401436
None,215910,21,2,10288,17.086956521739133,0.8001429924242414
None,21662,56,17,27099,22.50117647058823,0.9328791969539622
None,93219,72,13,16984,21.722388059701487,0.8722193466270687
snappy,188296,56,1,15565,13.989999999999998,0.6606740976645425
snappy,196968,52,15,9917,19.088000000000005,0.8742516428295314
gzip,262136,96,16,8512,18.40749999999999,0.9133777777777793
None,241864,3,16,24754,20.2575,0.9215975877193012
snappy,91127,82,20,19196,26.93333333333333,1.0001431662459415
snappy,38303,82,8,22260,17.969565217391306,0.7686690848214294
None,84230,78,3,6588,19.20740740740741,0.7384754653130285
gzip,73162,28,14,2353,19.81690140845071,0.9098487158908516
gzip,159117,32,19,15694,19.71489361702128,0.9062884804725962
gzip,204034,25,8,10676,19.156521739130437,0.7579086322869972
gzip,79385,42,17,1611,26.63181818181818,0.9398504290968543
gzip,215329,15,11,19593,19.386206896551727,0.8501400832177536
gzip,100486,27,5,24005,17.458823529411763,0.7211204735376049
snappy,99690,30,14,4881,27.441025641025647,0.8933697135061374
gzip,116079,37,16,15301,19.697499999999998,0.8791433770014557
snappy,98644,42,4,26789,19.11,0.7153735725938016
snappy,122854,31,13,29608,20.0,0.8626144781144774
None,127282,11,20,29476,29.228,1.0229514455151967
None,258302,68,13,8749,21.695522388059697,0.872621012335176
gzip,207348,99,11,14091,18.46551724137931,0.8781756628787872
None,171143,75,2,27784,21.775,0.7207233626588454
gzip,143180,1,11,24398,19.616949152542375,0.8375730966837922
snappy,88422,79,13,4566,18.525373134328362,0.8379126506024116
gzip,201568,98,11,533,16.964999999999996,0.8499349509550832
gzip,90292,20,19,4606,19.863829787234046,0.9207098987259068
None,166031,2,4,28270,18.253333333333334,0.9033716475095779
snappy,118655,71,19,10393,18.93473684210526,0.9449433290155429
snappy,212292,78,18,26263,26.252173913043475,0.9493191080353722
gzip,223394,100,14,23993,18.712676056338022,0.8762843813387415
None,92404,49,13,6837,31.35675675675676,0.8978275696445709
None,150360,54,3,3200,21.02962962962963,0.7495142857142844
snappy,73421,55,14,25070,26.676923076923075,0.876496124031006
None,218975,36,10,6843,22.822222222222223,0.8339519759879943
gzip,65207,63,15,13390,26.505000000000003,0.9014256959314774
gzip,179618,37,18,11077,27.55652173913044,0.936693567251462
None,107437,98,13,15079,21.57313432835821,0.8663891937526397
None,245825,98,3,2828,19.8,0.7347440677966097
gzip,32747,50,9,4375,19.052,0.7801102444097775
gzip,69291,87,19,2143,17.876666666666665,0.9875776350585553
gzip,13923,62,11,5374,18.962068965517243,0.8513503274087928
snappy,160982,69,16,20782,18.685,0.8826552748885607
gzip,217314,40,9,25728,24.551724137931036,0.7918161592505865
snappy,114268,56,10,12610,19.311111111111106,0.824877641277642
None,138293,58,10,17023,22.35925925925926,0.8275983118172788
snappy,92364,49,20,15654,27.791999999999998,0.9250200145560429
gzip,152969,23,14,12917,19.977464788732394,0.8763736968724949
None,71541,99,10,7927,21.04814814814815,0.8554118231495285
snappy,199966,27,18,21611,20.253333333333334,0.9538293172690759
snappy,54653,98,17,25817,18.623809523809523,0.9576867043847267
None,198670,89,7,17896,21.04761904761905,0.7825451807228914
gzip,206278,54,10,29666,19.01851851851852,0.8030049261083729
snappy,96908,98,11,9023,18.75862068965517,0.8682194665418794
snappy,188766,73,6,28834,17.147368421052633,0.746463178294573
snappy,207604,63,3,22526,15.222222222222221,0.7082093802345067
None,93746,94,10,20372,21.577777777777783,0.855477450980392
None,7113,65,9,27402,22.728,0.8001498929336186
None,164526,89,16,2592,21.015384615384615,0.9291315900463945
snappy,155954,71,6,12128,16.936842105263157,0.7489181286549703
snappy,132050,94,18,27576,25.98260869565217,1.0020649452269155
snappy,202245,15,9,7530,19.432000000000002,0.7800187695516154
snappy,19901,79,19,24645,26.599999999999998,1.000533284295696
None,12042,60,3,24957,21.051851851851854,0.7298941574936502
gzip,241755,51,10,23159,19.1962962962963,0.7919965534219597
snappy,238244,46,20,16648,19.354455445544556,0.8871479623824429
snappy,164298,55,11,22474,18.98965517241379,0.8390371057513918
gzip,246022,56,20,8636,27.752000000000006,0.9611355870592506
snappy,21210,17,12,3566,26.66857142857143,0.8979332998996992
snappy,31876,19,13,2502,19.99402985074627,0.8521558608845011
None,208061,8,11,10730,26.98181818181818,1.0521199785752546
snappy,134005,99,17,24976,18.91764705882353,0.9652736879182828
None,213683,42,19,25425,32.54583333333334,0.9622669396872666
None,88295,95,9,18022,21.64,0.843152276295134
None,229073,17,19,12628,29.212500000000002,1.0156430722891578
None,229199,51,5,12952,21.670588235294115,0.7615257223396776
snappy,222267,54,17,16727,19.679999999999996,0.9081960507757385
snappy,196438,67,8,3444,18.08260869565217,0.7670442427680092
snappy,168052,45,1,13289,15.057142857142859,0.658558823529413
snappy,241598,65,4,4863,16.173333333333336,0.7317004573170728
gzip,29566,0,4,9357,17.146666666666665,0.6829833080424889
gzip,233623,56,12,23935,25.314285714285717,0.8126372745490973
gzip,103258,19,6,16958,18.04736842105263,0.7685711513583444
snappy,78975,97,14,1971,18.74366197183098,0.881122622420073
gzip,20641,61,5,16241,17.080000000000005,0.7334615912208509
None,106549,75,20,2580,30.475999999999996,1.0054855907780997
None,222974,36,9,10476,30.144827586206898,0.8139730046948351
gzip,54500,45,6,24651,17.636842105263156,0.7476138237159158
snappy,167234,44,15,15484,19.45,0.8675264591439676
None,132894,75,15,1765,20.448979591836736,0.9652118270079442
gzip,32299,90,2,26218,13.060869565217393,0.6881352380952381
gzip,253228,77,14,26413,18.343661971830986,0.8552263391059212
gzip,144402,80,14,20666,18.678873239436616,0.8546965213914459
None,129840,90,20,26176,21.47999999999999,0.9605273570324568
snappy,78845,3,15,20198,19.936842105263157,0.8852941176470567
snappy,210860,30,18,24021,18.336708860759494,0.92188802698145
snappy,249231,86,13,27538,16.776271186440674,0.8527689755288259
snappy,135978,9,13,28431,20.047761194029853,0.8635566315789478
None,173362,48,14,3512,31.205000000000002,0.8832427404718712
None,147552,41,10,14908,22.249056603773585,0.8309280283831721
None,138897,11,4,29110,16.7,0.9084456273764269
None,191771,51,14,26538,22.48450704225352,0.8603274407392533
snappy,180162,33,6,14974,22.008695652173913,0.7388073065902584
gzip,229964,88,20,24506,18.784000000000002,0.9398152786474623
snappy,79161,90,2,1296,15.012500000000001,0.6848732943469777
snappy,225830,96,15,8159,26.200000000000003,0.9152498932080307
None,209980,56,19,11806,22.52421052631579,0.9548452264581311
gzip,85694,4,19,2095,19.946666666666665,0.9869321843387048
gzip,251985,90,10,992,16.510638297872344,0.8134853888063396
snappy,87618,91,10,29520,18.622222222222224,0.8395177098495875
None,190598,58,19,23057,32.75416666666667,0.9659272045028156
gzip,98615,14,11,28234,19.901694915254243,0.7945092936802979
snappy,5953,48,13,5521,26.18378378378378,0.8522857142857123
gzip,240782,25,13,4678,27.264864864864865,0.8670789851603644
None,84909,64,20,24382,20.897727272727277,0.9299031954887206
gzip,100900,48,4,25439,18.979999999999997,0.7193235772357727
snappy,17607,81,11,17722,18.696551724137933,0.8418130797773671
None,182488,59,15,29271,22.191999999999997,0.8981560784313712
None,144223,9,18,11822,20.213333333333335,0.934671452991454
gzip,249549,89,4,14002,15.459999999999999,0.7334101382488488
snappy,97042,44,6,1449,22.474999999999998,0.750586013986013
snappy,210808,83,1,23903,13.37142857142857,0.6659869281045747
gzip,258197,36,11,9713,25.351515151515148,0.8651273014203046
gzip,27801,17,6,6963,22.958333333333332,0.8122409722222219
None,22213,50,11,18694,22.275862068965516,0.8520223880597023
gzip,218451,90,7,16778,17.695238095238096,0.7628057726999398
None,157767,67,5,2638,19.626666666666665,0.7711452631578963
gzip,77371,79,15,1244,18.639473684210525,0.8645296101949027
gzip,260969,54,17,18593,18.485185185185188,0.9392770352369377
gzip,82998,87,4,28307,18.21,0.7339350649350646
snappy,210281,96,19,14931,19.00842105263158,0.9649225806451622
None,252150,69,2,9137,17.878260869565217,0.691364494806421
snappy,209653,88,19,8821,18.941052631578952,0.9551777419354809
snappy,177341,63,6,26259,17.88947368421053,0.7461871794871809
None,253950,14,9,8472,20.02857142857143,0.9971449814126383
None,189548,89,14,27840,21.31549295774648,0.9044400958466465
snappy,230772,51,1,23378,14.914285714285713,0.6632995689655177
snappy,127833,95,19,685,18.926315789473684,0.965359987257087
gzip,146558,91,10,6977,18.40740740740741,0.813427227722773
None,202182,50,12,24003,22.584126984126982,0.8290529860799278
gzip,55749,27,17,2391,20.09176470588235,0.929225558659216
snappy,10156,87,18,4821,17.92280701754386,0.962859835100116
snappy,238555,8,19,19355,19.972631578947375,0.9330314935064938
snappy,235070,11,1,21134,13.830000000000002,0.6357064989517818
gzip,84232,3,14,13754,26.45263157894737,0.9473611239060327
snappy,136982,24,1,15997,15.242857142857146,0.6497168998923563
snappy,46034,99,1,15013,12.620000000000001,0.6800574712643673
None,14820,84,14,4053,29.68205128205128,0.8965157175398634
None,163637,11,20,15297,19.97575757575758,0.9910683111954472
gzip,46508,40,12,26533,17.511111111111113,0.7993046979865773
snappy,191143,72,20,12259,18.72727272727273,0.9361819875776392
snappy,255496,28,4,4738,17.083870967741937,0.7130264350453178
snappy,9671,49,2,13413,14.556521739130433,0.6682630597014924
snappy,72531,19,9,3792,25.200000000000003,0.8096247828604526
snappy,145438,72,18,21108,18.23448275862069,0.9473619157976008
gzip,165449,37,17,3958,20.33023255813954,0.898756436314365
None,226954,94,16,9023,30.590909090909097,0.9589185066238457
snappy,93877,75,17,19486,19.135632183908047,0.8932745751416171
snappy,79151,87,15,665,18.802597402597403,0.8722465099191801
gzip,19364,47,16,28322,19.934146341463418,0.8690971147079531
gzip,214223,35,17,28594,20.174712643678166,0.8920907881609584
snappy,245189,32,14,10871,18.846875000000004,0.8544000000000024
snappy,156494,56,2,5036,15.6875,0.6884927675988441
gzip,74351,78,14,14055,18.516666666666666,0.8574798749511544
None,177806,89,15,27246,21.477922077922077,0.8848489102327306
gzip,143295,41,2,12664,13.431999999999999,0.6583311627906974
snappy,115010,12,3,19770,15.85925925925926,0.6975201314708297
gzip,158629,59,9,9458,18.727999999999998,0.776101071975499
gzip,68156,31,19,5380,20.02916666666667,0.9198644338118013
gzip,103382,99,3,16892,14.74074074074074,0.7284661654135339
snappy,14690,88,19,13772,18.41098901098901,0.9750089593383869
gzip,61889,73,1,23457,12.34,0.6519592476489035
gzip,83898,54,9,19752,18.57142857142857,0.7839514237855959
gzip,118135,57,17,3412,26.366666666666667,0.9748638149279795
None,91905,6,10,6715,19.932075471698116,0.8132235169491535
snappy,39118,71,4,10486,15.23333333333333,0.7095946372239753
None,90984,3,19,9716,28.922727272727276,1.1695199161425598
snappy,60688,16,3,28388,15.992307692307692,0.6788647717484927
None,83615,57,7,25932,28.2,0.7677979238754321
gzip,248997,99,14,1563,18.800000000000004,0.8694102355808274
